time,error,context,speed_mph,low_speed_reading,max_throttle_pct,secs_at_full_throttle,max_phase_current_a,max_bus_current_a,motor_temp_c,mc_temp_c,cleared_after_s,cleared_by
2026-10-03 13:00:25.613000-07:00,Overload,pulling away,10.6,False,86.0,0,406.5,32.8,20.0,23.0,33.0,self-cleared
2026-10-03 13:05:32.744000-07:00,Overload,pulling away,0.0,True,100.0,13,575.6,41.2,25.0,25.0,206.0,self-cleared
2026-10-03 13:13:50.021000-07:00,Overload,pulling away,6.0,True,100.0,10,691.1,79.7,35.0,28.0,471.0,self-cleared
2026-10-03 13:22:05.387000-07:00,Overload,pulling away,9.9,False,100.0,4,338.8,43.1,45.0,32.0,570.0,self-cleared
2026-10-03 13:38:44.250000-07:00,Overload,under way,24.5,False,100.0,5,322.6,99.5,50.0,34.0,955.0,self-cleared
2026-10-03 13:59:24.955000-07:00,Overload,pulling away,-2.7,True,100.0,9,1140.2,105.6,60.0,38.0,1083.0,power cycle
2026-10-03 14:14:43.444000-07:00,"Overload, Motor Stalled",stalled under load,0.0,True,100.0,23,526.8,65.8,125.0,52.0,165.0,power cycle
2026-10-03 14:22:15.393000-07:00,Overload,pulling away,16.1,False,100.0,7,320.2,63.0,85.0,44.0,1332.0,self-cleared
2026-10-03 15:02:00.660000-07:00,Overload,pulling away,6.6,True,100.0,13,400.8,39.4,50.0,37.0,,self-cleared
