name,channel,unit,readings,unavailable,min,max,mean,first,last,in_wide
EZkontrol Phase Current,mc_phase_current_a,A,3384,2,-71.7,1140,137.2,2026-10-03 09:44:44.751000-07:00,2026-10-03 15:08:55.058000-07:00,True
EZkontrol Bus Current,mc_bus_current_a,A,3363,2,-24.6,122.9,34.29,2026-10-03 09:44:44.746000-07:00,2026-10-03 15:08:55.040000-07:00,True
EZkontrol Motor Speed,motor_rpm,rpm,3324,2,-582,2841,1360,2026-10-03 09:44:44.756000-07:00,2026-10-03 15:08:53.965000-07:00,True
Solar Car Speed,speed_solar_mph,mph,3242,4,-8.1,39.4,18.97,2026-10-03 09:44:35.264000-07:00,2026-10-03 15:08:53.966000-07:00,False
Car Speed,speed_raw_mph,mph,3241,2,-8.1,39.4,18.97,2026-10-03 09:44:35.195000-07:00,2026-10-03 15:08:53.965000-07:00,False
Adjusted Car Speed,speed_mph,mph,3239,0,-8.1,39.4,18.97,2026-10-03 09:44:35.202000-07:00,2026-10-03 15:08:53.966000-07:00,True
EZkontrol Bus Voltage,mc_bus_voltage_v,V,2669,2,9.4,54.6,51.14,2026-10-03 09:44:44.725000-07:00,2026-10-03 15:09:04.126000-07:00,True
EZkontrol Throttle,throttle_pct,%,2293,2,0,100,42.7,2026-10-03 09:44:44.765000-07:00,2026-10-03 15:08:55.093000-07:00,True
BESTGO Cell Voltage Min,cell_v_min_mv,mV,1141,2,3120,3338,3233,2026-10-03 09:44:44.790000-07:00,2026-10-03 15:14:04.772000-07:00,True
BESTGO Cell Voltage Max,cell_v_max_mv,mV,1119,2,3132,3340,3241,2026-10-03 09:44:44.791000-07:00,2026-10-03 15:13:36.554000-07:00,True
BESTGO Cell Voltage Delta,cell_v_delta_mv,mV,1089,2,1,85,7.518,2026-10-03 09:44:44.792000-07:00,2026-10-03 15:14:04.789000-07:00,True
BESTGO Pack Current,pack_current_a,A,1014,2,-118.3,14.2,-34.86,2026-10-03 09:44:44.787000-07:00,2026-10-03 15:08:56.662000-07:00,True
System Monitor Processor temperature,pi_cpu_temp_f,°F,968,0,103.8,136.2,119.3,2026-10-03 09:44:39.446000-07:00,2026-10-03 15:14:03.090000-07:00,True
BESTGO Pack Voltage,pack_voltage_v,V,706,2,50,53.4,51.54,2026-10-03 09:44:44.785000-07:00,2026-10-03 15:11:48.584000-07:00,True
Odometer,odometer_mi,mi,285,0,183,211.3,197.1,2026-10-03 09:44:41.448000-07:00,2026-10-03 15:07:05.977000-07:00,True
EZkontrol Op Mode,ezkontrol_op_mode,,246,2,,,,2026-10-03 09:44:44.774000-07:00,2026-10-03 15:08:55.110000-07:00,False
EZkontrol Controller Temp,mc_temp_c,°C,231,2,20,52,40.82,2026-10-03 09:44:44.762000-07:00,2026-10-03 15:08:45.418000-07:00,True
EZkontrol Motor Temp,motor_temp_c,°C,123,2,15,130,66.07,2026-10-03 09:44:44.764000-07:00,2026-10-03 15:08:05.615000-07:00,True
BESTGO Nominal Capacity,nominal_capacity_ah,Ah,69,2,35,99,67.46,2026-10-03 09:44:44.803000-07:00,2026-10-03 15:06:56.338000-07:00,False
BESTGO Soc,soc_pct,%,69,2,35,99,67.46,2026-10-03 09:44:44.780000-07:00,2026-10-03 15:06:55.894000-07:00,True
BESTGO Installed Capacity,installed_capacity_ah,Ah,69,2,35,99,67.46,2026-10-03 09:44:44.804000-07:00,2026-10-03 15:06:56.933000-07:00,False
BESTGO Charging,bestgo_charging,,56,0,,,,2026-10-03 09:44:35.184000-07:00,2026-10-03 14:58:56.960000-07:00,False
EZkontrol Errors,ezkontrol_errors,,19,2,,,,2026-10-03 09:44:44.776000-07:00,2026-10-03 15:02:00.660000-07:00,False
EZkontrol Error Count,mc_error_count,,19,2,0,2,0.5882,2026-10-03 09:44:44.778000-07:00,2026-10-03 15:02:00.677000-07:00,True
BESTGO Cell Temp Max,cell_temp_max_c,°C,19,2,18.9,31.9,26.08,2026-10-03 09:44:44.793000-07:00,2026-10-03 14:45:29.519000-07:00,True
BESTGO Cell Temp Min,cell_temp_min_c,°C,15,2,18.9,30.9,24.9,2026-10-03 09:44:44.792000-07:00,2026-10-03 14:36:28.477000-07:00,True
BESTGO Pack Temp,pack_temp_c,°C,15,2,19,31,25,2026-10-03 09:44:44.788000-07:00,2026-10-03 14:36:28.326000-07:00,True
EZkontrol Status,mc_online,,12,0,0,1,0.4167,2026-10-03 09:44:45.555000-07:00,2026-10-03 15:09:11.352000-07:00,True
CAN Adapter Status,can_adapter_up,,7,0,0,1,0.4286,2026-10-03 09:44:45.433000-07:00,2026-10-03 12:47:31.837000-07:00,True
EZkontrol Dc Contactor,ezkontrol_dc_contactor,,5,2,,,,2026-10-03 09:44:44.776000-07:00,2026-10-03 14:17:28.407000-07:00,False
BESTGO Battery Name,bestgo_battery_name,,3,2,,,,2026-10-03 09:44:44.806000-07:00,2026-10-03 13:21:18.921000-07:00,False
BESTGO Charge Voltage Limit,charge_v_limit_v,V,3,2,57.6,57.6,57.6,2026-10-03 09:44:44.795000-07:00,2026-10-03 13:21:29.090000-07:00,False
BESTGO Charge Current Limit,charge_i_limit_a,A,3,2,150,150,150,2026-10-03 09:44:44.795000-07:00,2026-10-03 13:21:29.109000-07:00,False
BESTGO Alarms,bestgo_alarms,,3,2,,,,2026-10-03 09:44:44.799000-07:00,2026-10-03 13:21:18.830000-07:00,False
BESTGO Manufacturer,bestgo_manufacturer,,3,2,,,,2026-10-03 09:44:44.805000-07:00,2026-10-03 13:21:18.869000-07:00,False
EZkontrol Brake,ezkontrol_brake,,3,2,,,,2026-10-03 09:44:44.770000-07:00,2026-10-03 12:47:33.987000-07:00,False
BESTGO Warnings,bestgo_warnings,,3,2,,,,2026-10-03 09:44:44.802000-07:00,2026-10-03 13:21:18.846000-07:00,False
BESTGO Soh,soh_pct,%,3,2,100,100,100,2026-10-03 09:44:44.783000-07:00,2026-10-03 13:21:18.761000-07:00,False
BESTGO Status,bms_online,,3,0,0,1,0.3333,2026-10-03 09:44:49.621000-07:00,2026-10-03 13:21:19.033000-07:00,True
BESTGO Firmware,bestgo_firmware,,3,2,,,,2026-10-03 09:44:44.803000-07:00,2026-10-03 13:21:18.887000-07:00,False
BESTGO Discharge Voltage Limit,discharge_v_limit_v,V,3,2,44.8,44.8,44.8,2026-10-03 09:44:44.799000-07:00,2026-10-03 13:21:29.140000-07:00,False
BESTGO Discharge Current Limit,discharge_i_limit_a,A,3,2,200,200,200,2026-10-03 09:44:44.797000-07:00,2026-10-03 13:21:29.124000-07:00,False
EZkontrol Gear,ezkontrol_gear,,3,2,,,,2026-10-03 09:44:44.768000-07:00,2026-10-03 12:47:33.970000-07:00,False
