time,channel,state,note
2026-10-03 09:44:41.474000-07:00,speed_solar_mph,unavailable,
2026-10-03 11:39:28.988000-07:00,speed_solar_mph,unknown,
2026-10-03 11:39:35.168000-07:00,speed_solar_mph,unavailable,
2026-10-03 11:43:33.244000-07:00,can_adapter_up,1,
2026-10-03 11:57:01.951000-07:00,can_adapter_up,0,
2026-10-03 12:00:44.076000-07:00,can_adapter_up,1,
2026-10-03 12:06:12.143000-07:00,can_adapter_up,0,
2026-10-03 12:47:31.837000-07:00,can_adapter_up,1,
2026-10-03 12:47:31.949000-07:00,mc_online,1,
2026-10-03 12:47:33.970000-07:00,ezkontrol_gear,D2,
2026-10-03 12:47:33.987000-07:00,ezkontrol_brake,Off,
2026-10-03 12:47:34.003000-07:00,ezkontrol_op_mode,Stop,
2026-10-03 12:47:34.019000-07:00,ezkontrol_dc_contactor,On,controller back on
2026-10-03 12:47:34.034000-07:00,ezkontrol_errors,,
2026-10-03 12:47:34.049000-07:00,mc_error_count,0,
2026-10-03 12:58:52.396000-07:00,ezkontrol_op_mode,Drive,
2026-10-03 12:59:27.706000-07:00,ezkontrol_op_mode,EBS,
2026-10-03 12:59:29.834000-07:00,ezkontrol_op_mode,Stop,
2026-10-03 13:00:15.307000-07:00,ezkontrol_op_mode,Drive,
2026-10-03 13:00:25.613000-07:00,ezkontrol_errors,Overload,
2026-10-03 13:00:25.629000-07:00,mc_error_count,1,
2026-10-03 13:00:27.632000-07:00,ezkontrol_op_mode,EBS,
2026-10-03 13:00:29.686000-07:00,ezkontrol_op_mode,Stop,
2026-10-03 13:00:58.571000-07:00,ezkontrol_errors,,
2026-10-03 13:00:58.586000-07:00,mc_error_count,0,
2026-10-03 13:02:36.359000-07:00,ezkontrol_op_mode,Drive,
2026-10-03 13:03:38.646000-07:00,ezkontrol_op_mode,EBS,
2026-10-03 13:03:42.861000-07:00,ezkontrol_op_mode,Drive,
2026-10-03 13:03:55.228000-07:00,ezkontrol_op_mode,EBS,
2026-10-03 13:03:59.445000-07:00,ezkontrol_op_mode,Stop,
2026-10-03 13:05:20.228000-07:00,ezkontrol_op_mode,Drive,
2026-10-03 13:05:32.744000-07:00,ezkontrol_errors,Overload,
2026-10-03 13:05:32.759000-07:00,mc_error_count,1,
2026-10-03 13:06:16.023000-07:00,ezkontrol_op_mode,EBS,
2026-10-03 13:06:18.117000-07:00,ezkontrol_op_mode,Stop,
2026-10-03 13:08:59.224000-07:00,ezkontrol_errors,,
2026-10-03 13:08:59.239000-07:00,mc_error_count,0,
2026-10-03 13:11:43.037000-07:00,ezkontrol_op_mode,EBS,
2026-10-03 13:11:51.402000-07:00,ezkontrol_op_mode,Stop,
2026-10-03 13:11:55.409000-07:00,ezkontrol_op_mode,Drive,
2026-10-03 13:13:50.021000-07:00,ezkontrol_errors,Overload,
2026-10-03 13:13:50.036000-07:00,mc_error_count,1,
2026-10-03 13:13:52.026000-07:00,ezkontrol_op_mode,Stop,
2026-10-03 13:13:58.120000-07:00,ezkontrol_op_mode,Drive,
2026-10-03 13:14:42.797000-07:00,ezkontrol_op_mode,EBS,
2026-10-03 13:14:44.795000-07:00,ezkontrol_op_mode,Stop,
2026-10-03 13:14:46.792000-07:00,ezkontrol_op_mode,Drive,
2026-10-03 13:14:57.103000-07:00,ezkontrol_op_mode,Stop,
2026-10-03 13:15:05.180000-07:00,ezkontrol_op_mode,Drive,
2026-10-03 13:15:11.210000-07:00,ezkontrol_op_mode,Stop,
2026-10-03 13:15:17.288000-07:00,ezkontrol_op_mode,Drive,
2026-10-03 13:20:25.493000-07:00,ezkontrol_op_mode,Stop,
2026-10-03 13:21:10.258000-07:00,mc_online,0,
2026-10-03 13:21:18.830000-07:00,bestgo_alarms,OK,
2026-10-03 13:21:18.846000-07:00,bestgo_warnings,OK,
2026-10-03 13:21:19.033000-07:00,bms_online,1,
2026-10-03 13:21:31.065000-07:00,mc_online,1,
2026-10-03 13:21:41.229000-07:00,ezkontrol_errors,,
2026-10-03 13:21:41.246000-07:00,mc_error_count,0,
2026-10-03 13:21:55.334000-07:00,ezkontrol_op_mode,Drive,
2026-10-03 13:22:05.387000-07:00,ezkontrol_errors,Overload,
2026-10-03 13:22:05.403000-07:00,mc_error_count,1,
2026-10-03 13:24:03.395000-07:00,ezkontrol_op_mode,EBS,
2026-10-03 13:24:05.478000-07:00,ezkontrol_op_mode,Drive,
2026-10-03 13:31:10.847000-07:00,ezkontrol_op_mode,Stop,
2026-10-03 13:31:35.375000-07:00,ezkontrol_errors,,
2026-10-03 13:31:35.393000-07:00,mc_error_count,0,
2026-10-03 13:37:59.386000-07:00,ezkontrol_op_mode,Drive,
2026-10-03 13:38:31.934000-07:00,ezkontrol_op_mode,EBS,
2026-10-03 13:38:38.019000-07:00,ezkontrol_op_mode,Drive,
2026-10-03 13:38:44.250000-07:00,ezkontrol_errors,Overload,
2026-10-03 13:38:44.265000-07:00,mc_error_count,1,
2026-10-03 13:38:46.226000-07:00,ezkontrol_op_mode,EBS,
2026-10-03 13:38:50.449000-07:00,bestgo_charging,on,regen
2026-10-03 13:38:52.360000-07:00,ezkontrol_op_mode,Drive,
2026-10-03 13:39:00.518000-07:00,bestgo_charging,off,
2026-10-03 13:39:12.348000-07:00,ezkontrol_op_mode,EBS,
2026-10-03 13:39:14.353000-07:00,ezkontrol_op_mode,Drive,
2026-10-03 13:39:54.432000-07:00,ezkontrol_op_mode,EBS,
2026-10-03 13:39:56.509000-07:00,ezkontrol_op_mode,Drive,
2026-10-03 13:40:04.789000-07:00,ezkontrol_op_mode,EBS,
2026-10-03 13:40:06.843000-07:00,ezkontrol_op_mode,Drive,
2026-10-03 13:40:43.347000-07:00,ezkontrol_op_mode,EBS,
2026-10-03 13:40:49.371000-07:00,ezkontrol_op_mode,Drive,
2026-10-03 13:40:51.370000-07:00,ezkontrol_op_mode,EBS,
2026-10-03 13:40:53.386000-07:00,ezkontrol_op_mode,Drive,
2026-10-03 13:41:07.386000-07:00,ezkontrol_op_mode,EBS,
2026-10-03 13:41:09.369000-07:00,ezkontrol_op_mode,Drive,
2026-10-03 13:41:25.390000-07:00,ezkontrol_op_mode,EBS,
2026-10-03 13:41:27.391000-07:00,ezkontrol_op_mode,Drive,
2026-10-03 13:41:37.534000-07:00,ezkontrol_op_mode,EBS,
2026-10-03 13:41:39.602000-07:00,ezkontrol_op_mode,Drive,
2026-10-03 13:42:18.392000-07:00,ezkontrol_op_mode,EBS,
2026-10-03 13:42:20.384000-07:00,ezkontrol_op_mode,Drive,
2026-10-03 13:42:21.248000-07:00,bestgo_charging,on,regen
2026-10-03 13:42:31.234000-07:00,bestgo_charging,off,
2026-10-03 13:43:21.795000-07:00,ezkontrol_op_mode,EBS,
2026-10-03 13:43:25.367000-07:00,ezkontrol_op_mode,Drive,
2026-10-03 13:43:39.385000-07:00,ezkontrol_op_mode,EBS,
2026-10-03 13:43:41.251000-07:00,bestgo_charging,on,regen
2026-10-03 13:43:45.369000-07:00,ezkontrol_op_mode,Drive,
2026-10-03 13:43:51.249000-07:00,bestgo_charging,off,
2026-10-03 13:44:03.384000-07:00,ezkontrol_op_mode,EBS,
2026-10-03 13:44:05.482000-07:00,ezkontrol_op_mode,Drive,
2026-10-03 13:44:19.778000-07:00,ezkontrol_op_mode,EBS,
2026-10-03 13:44:21.896000-07:00,ezkontrol_op_mode,Drive,
2026-10-03 13:45:22.400000-07:00,ezkontrol_op_mode,EBS,
2026-10-03 13:45:24.388000-07:00,ezkontrol_op_mode,Drive,
2026-10-03 13:46:27.384000-07:00,ezkontrol_op_mode,EBS,
2026-10-03 13:46:31.744000-07:00,ezkontrol_op_mode,Drive,
2026-10-03 13:48:27.402000-07:00,ezkontrol_op_mode,EBS,
2026-10-03 13:48:31.739000-07:00,ezkontrol_op_mode,Drive,
2026-10-03 13:52:32.733000-07:00,ezkontrol_op_mode,EBS,
2026-10-03 13:52:36.359000-07:00,ezkontrol_op_mode,Stop,
2026-10-03 13:54:05.387000-07:00,ezkontrol_op_mode,Drive,
2026-10-03 13:54:15.394000-07:00,ezkontrol_op_mode,EBS,
2026-10-03 13:54:17.393000-07:00,ezkontrol_op_mode,Stop,
2026-10-03 13:54:39.478000-07:00,ezkontrol_errors,,
2026-10-03 13:54:39.493000-07:00,mc_error_count,0,
2026-10-03 13:54:52.276000-07:00,bestgo_charging,on,regen
2026-10-03 13:59:12.625000-07:00,ezkontrol_op_mode,Drive,
2026-10-03 13:59:13.275000-07:00,bestgo_charging,off,
2026-10-03 13:59:24.955000-07:00,ezkontrol_errors,Overload,
2026-10-03 13:59:24.970000-07:00,mc_error_count,1,
2026-10-03 14:00:21.417000-07:00,ezkontrol_op_mode,EBS,
2026-10-03 14:00:23.753000-07:00,ezkontrol_op_mode,Drive,
2026-10-03 14:00:33.913000-07:00,ezkontrol_op_mode,EBS,
2026-10-03 14:00:38.005000-07:00,ezkontrol_op_mode,Drive,
2026-10-03 14:02:55.965000-07:00,ezkontrol_op_mode,EBS,
2026-10-03 14:02:58.079000-07:00,ezkontrol_op_mode,Drive,
2026-10-03 14:08:08.412000-07:00,ezkontrol_op_mode,EBS,
2026-10-03 14:08:10.399000-07:00,ezkontrol_op_mode,Drive,
2026-10-03 14:14:43.429000-07:00,ezkontrol_dc_contactor,Off,controller switched off (power cycle to clear errors)
2026-10-03 14:14:43.444000-07:00,ezkontrol_errors,"Overload, Motor Stalled",
2026-10-03 14:14:43.460000-07:00,mc_error_count,2,
2026-10-03 14:15:48.248000-07:00,mc_online,0,
2026-10-03 14:17:28.390000-07:00,ezkontrol_op_mode,Stop,
2026-10-03 14:17:28.407000-07:00,ezkontrol_dc_contactor,On,controller back on
2026-10-03 14:17:28.426000-07:00,ezkontrol_errors,,
2026-10-03 14:17:28.444000-07:00,mc_error_count,0,
2026-10-03 14:17:28.465000-07:00,mc_online,1,
2026-10-03 14:17:44.263000-07:00,mc_online,0,
2026-10-03 14:20:43.961000-07:00,mc_online,1,
2026-10-03 14:22:09.276000-07:00,ezkontrol_op_mode,Drive,
2026-10-03 14:22:15.393000-07:00,ezkontrol_errors,Overload,
2026-10-03 14:22:15.410000-07:00,mc_error_count,1,
2026-10-03 14:22:27.393000-07:00,ezkontrol_op_mode,EBS,
2026-10-03 14:22:37.404000-07:00,ezkontrol_op_mode,Drive,
2026-10-03 14:22:47.381000-07:00,ezkontrol_op_mode,EBS,
2026-10-03 14:22:49.396000-07:00,ezkontrol_op_mode,Drive,
2026-10-03 14:22:51.404000-07:00,ezkontrol_op_mode,EBS,
2026-10-03 14:22:57.422000-07:00,ezkontrol_op_mode,Drive,
2026-10-03 14:23:13.451000-07:00,ezkontrol_op_mode,EBS,
2026-10-03 14:23:15.450000-07:00,ezkontrol_op_mode,Drive,
2026-10-03 14:23:17.549000-07:00,ezkontrol_op_mode,EBS,
2026-10-03 14:23:21.746000-07:00,ezkontrol_op_mode,Drive,
2026-10-03 14:23:30.140000-07:00,ezkontrol_op_mode,EBS,
2026-10-03 14:23:34.231000-07:00,ezkontrol_op_mode,Drive,
2026-10-03 14:23:46.395000-07:00,ezkontrol_op_mode,EBS,
2026-10-03 14:23:46.515000-07:00,bestgo_charging,on,regen
2026-10-03 14:23:52.387000-07:00,ezkontrol_op_mode,Drive,
2026-10-03 14:23:56.533000-07:00,bestgo_charging,off,
2026-10-03 14:24:00.382000-07:00,ezkontrol_op_mode,EBS,
2026-10-03 14:24:06.393000-07:00,ezkontrol_op_mode,Drive,
2026-10-03 14:24:20.457000-07:00,ezkontrol_op_mode,EBS,
2026-10-03 14:24:24.459000-07:00,ezkontrol_op_mode,Drive,
2026-10-03 14:24:32.742000-07:00,ezkontrol_op_mode,EBS,
2026-10-03 14:24:36.531000-07:00,bestgo_charging,on,regen
2026-10-03 14:24:40.955000-07:00,ezkontrol_op_mode,Drive,
2026-10-03 14:24:46.613000-07:00,bestgo_charging,off,
2026-10-03 14:24:51.338000-07:00,ezkontrol_op_mode,EBS,
2026-10-03 14:24:56.719000-07:00,bestgo_charging,on,regen
2026-10-03 14:24:57.370000-07:00,ezkontrol_op_mode,Drive,
2026-10-03 14:25:06.821000-07:00,bestgo_charging,off,
2026-10-03 14:25:07.399000-07:00,ezkontrol_op_mode,EBS,
2026-10-03 14:25:11.425000-07:00,ezkontrol_op_mode,Drive,
2026-10-03 14:25:21.385000-07:00,ezkontrol_op_mode,EBS,
2026-10-03 14:25:27.016000-07:00,bestgo_charging,on,regen
2026-10-03 14:25:29.408000-07:00,ezkontrol_op_mode,Drive,
2026-10-03 14:25:37.125000-07:00,bestgo_charging,off,
2026-10-03 14:25:39.415000-07:00,ezkontrol_op_mode,EBS,
2026-10-03 14:25:43.408000-07:00,ezkontrol_op_mode,Drive,
2026-10-03 14:25:57.271000-07:00,bestgo_charging,on,regen
2026-10-03 14:25:57.748000-07:00,ezkontrol_op_mode,EBS,
2026-10-03 14:25:59.658000-07:00,ezkontrol_op_mode,Drive,
2026-10-03 14:26:07.258000-07:00,bestgo_charging,off,
2026-10-03 14:26:07.942000-07:00,ezkontrol_op_mode,EBS,
2026-10-03 14:26:12.020000-07:00,ezkontrol_op_mode,Drive,
2026-10-03 14:26:22.325000-07:00,ezkontrol_op_mode,EBS,
2026-10-03 14:26:27.264000-07:00,bestgo_charging,on,regen
2026-10-03 14:26:30.384000-07:00,ezkontrol_op_mode,Drive,
2026-10-03 14:26:37.270000-07:00,bestgo_charging,off,
2026-10-03 14:26:40.395000-07:00,ezkontrol_op_mode,EBS,
2026-10-03 14:26:44.393000-07:00,ezkontrol_op_mode,Drive,
2026-10-03 14:26:54.406000-07:00,ezkontrol_op_mode,EBS,
2026-10-03 14:26:57.259000-07:00,bestgo_charging,on,regen
2026-10-03 14:27:00.420000-07:00,ezkontrol_op_mode,Drive,
2026-10-03 14:27:07.259000-07:00,bestgo_charging,off,
2026-10-03 14:27:08.422000-07:00,ezkontrol_op_mode,EBS,
2026-10-03 14:27:14.526000-07:00,ezkontrol_op_mode,Drive,
2026-10-03 14:27:24.931000-07:00,ezkontrol_op_mode,EBS,
2026-10-03 14:27:27.276000-07:00,bestgo_charging,on,regen
2026-10-03 14:27:29.019000-07:00,ezkontrol_op_mode,Drive,
2026-10-03 14:27:37.448000-07:00,bestgo_charging,off,
2026-10-03 14:27:39.382000-07:00,ezkontrol_op_mode,EBS,
2026-10-03 14:27:43.391000-07:00,ezkontrol_op_mode,Drive,
2026-10-03 14:27:53.422000-07:00,ezkontrol_op_mode,EBS,
2026-10-03 14:27:57.281000-07:00,bestgo_charging,on,regen
2026-10-03 14:27:59.433000-07:00,ezkontrol_op_mode,Drive,
2026-10-03 14:28:07.282000-07:00,bestgo_charging,off,
2026-10-03 14:28:23.533000-07:00,ezkontrol_op_mode,EBS,
2026-10-03 14:28:27.279000-07:00,bestgo_charging,on,regen
2026-10-03 14:28:27.779000-07:00,ezkontrol_op_mode,Drive,
2026-10-03 14:28:37.280000-07:00,bestgo_charging,off,
2026-10-03 14:28:38.015000-07:00,ezkontrol_op_mode,EBS,
2026-10-03 14:28:40.105000-07:00,ezkontrol_op_mode,Drive,
2026-10-03 14:28:52.387000-07:00,ezkontrol_op_mode,EBS,
2026-10-03 14:28:54.402000-07:00,ezkontrol_op_mode,Drive,
2026-10-03 14:29:07.285000-07:00,bestgo_charging,on,regen
2026-10-03 14:29:17.292000-07:00,bestgo_charging,off,
2026-10-03 14:29:20.416000-07:00,ezkontrol_op_mode,EBS,
2026-10-03 14:29:24.433000-07:00,ezkontrol_op_mode,Drive,
2026-10-03 14:29:37.288000-07:00,bestgo_charging,on,regen
2026-10-03 14:29:47.290000-07:00,bestgo_charging,off,
2026-10-03 14:29:48.893000-07:00,ezkontrol_op_mode,EBS,
2026-10-03 14:29:55.120000-07:00,ezkontrol_op_mode,Drive,
2026-10-03 14:30:05.384000-07:00,ezkontrol_op_mode,EBS,
2026-10-03 14:30:07.384000-07:00,ezkontrol_op_mode,Drive,
2026-10-03 14:30:21.418000-07:00,ezkontrol_op_mode,EBS,
2026-10-03 14:30:23.409000-07:00,ezkontrol_op_mode,Drive,
2026-10-03 14:30:33.405000-07:00,ezkontrol_op_mode,EBS,
2026-10-03 14:30:37.926000-07:00,ezkontrol_op_mode,Drive,
2026-10-03 14:30:45.689000-07:00,ezkontrol_op_mode,EBS,
2026-10-03 14:30:47.488000-07:00,bestgo_charging,on,regen
2026-10-03 14:30:51.908000-07:00,ezkontrol_op_mode,Drive,
2026-10-03 14:30:57.590000-07:00,bestgo_charging,off,
2026-10-03 14:31:02.212000-07:00,ezkontrol_op_mode,EBS,
2026-10-03 14:31:06.204000-07:00,ezkontrol_op_mode,Drive,
2026-10-03 14:31:14.392000-07:00,ezkontrol_op_mode,EBS,
2026-10-03 14:31:17.775000-07:00,bestgo_charging,on,regen
2026-10-03 14:31:22.407000-07:00,ezkontrol_op_mode,Stop,
2026-10-03 14:31:27.879000-07:00,bestgo_charging,off,
2026-10-03 14:32:00.900000-07:00,ezkontrol_op_mode,Drive,
2026-10-03 14:32:43.415000-07:00,ezkontrol_op_mode,EBS,
2026-10-03 14:32:45.434000-07:00,ezkontrol_op_mode,Drive,
2026-10-03 14:33:17.894000-07:00,ezkontrol_op_mode,EBS,
2026-10-03 14:33:18.277000-07:00,bestgo_charging,on,regen
2026-10-03 14:33:19.988000-07:00,ezkontrol_op_mode,Drive,
2026-10-03 14:33:28.295000-07:00,bestgo_charging,off,
2026-10-03 14:35:03.408000-07:00,ezkontrol_op_mode,EBS,
2026-10-03 14:35:08.285000-07:00,bestgo_charging,on,regen
2026-10-03 14:35:17.408000-07:00,ezkontrol_op_mode,Stop,
2026-10-03 14:35:18.286000-07:00,bestgo_charging,off,
2026-10-03 14:35:29.422000-07:00,ezkontrol_op_mode,Drive,
2026-10-03 14:36:34.427000-07:00,ezkontrol_op_mode,EBS,
2026-10-03 14:36:36.421000-07:00,ezkontrol_op_mode,Drive,
2026-10-03 14:38:54.414000-07:00,ezkontrol_op_mode,EBS,
2026-10-03 14:38:58.419000-07:00,ezkontrol_op_mode,Drive,
2026-10-03 14:40:26.413000-07:00,ezkontrol_op_mode,EBS,
2026-10-03 14:40:28.406000-07:00,ezkontrol_op_mode,Drive,
2026-10-03 14:41:54.436000-07:00,ezkontrol_op_mode,EBS,
2026-10-03 14:41:56.427000-07:00,ezkontrol_op_mode,Drive,
2026-10-03 14:42:36.425000-07:00,ezkontrol_op_mode,EBS,
2026-10-03 14:42:39.309000-07:00,bestgo_charging,on,regen
2026-10-03 14:42:46.451000-07:00,ezkontrol_op_mode,Drive,
2026-10-03 14:42:49.291000-07:00,bestgo_charging,off,
2026-10-03 14:42:52.435000-07:00,ezkontrol_op_mode,Stop,
2026-10-03 14:42:54.443000-07:00,ezkontrol_op_mode,Drive,
2026-10-03 14:43:18.436000-07:00,ezkontrol_op_mode,EBS,
2026-10-03 14:43:19.378000-07:00,bestgo_charging,on,regen
2026-10-03 14:43:29.293000-07:00,bestgo_charging,off,
2026-10-03 14:43:32.450000-07:00,ezkontrol_op_mode,Stop,
2026-10-03 14:44:27.458000-07:00,ezkontrol_errors,,
2026-10-03 14:44:27.474000-07:00,mc_error_count,0,
2026-10-03 14:48:38.406000-07:00,mc_online,0,
2026-10-03 14:48:40.533000-07:00,mc_online,1,
2026-10-03 14:53:15.448000-07:00,ezkontrol_op_mode,EBS,
2026-10-03 14:53:17.433000-07:00,ezkontrol_op_mode,Stop,
2026-10-03 14:54:40.709000-07:00,ezkontrol_op_mode,Drive,
2026-10-03 14:54:42.006000-07:00,ezkontrol_op_mode,Stop,
2026-10-03 14:54:43.920000-07:00,ezkontrol_op_mode,Drive,
2026-10-03 14:55:11.547000-07:00,ezkontrol_op_mode,EBS,
2026-10-03 14:55:12.006000-07:00,ezkontrol_op_mode,Drive,
2026-10-03 14:55:13.119000-07:00,ezkontrol_op_mode,EBS,
2026-10-03 14:55:14.066000-07:00,ezkontrol_op_mode,Drive,
2026-10-03 14:55:17.592000-07:00,ezkontrol_op_mode,EBS,
2026-10-03 14:55:18.040000-07:00,ezkontrol_op_mode,Drive,
2026-10-03 14:55:22.897000-07:00,ezkontrol_op_mode,EBS,
2026-10-03 14:55:24.458000-07:00,bestgo_charging,on,regen
2026-10-03 14:55:24.584000-07:00,ezkontrol_op_mode,Drive,
2026-10-03 14:55:25.612000-07:00,bestgo_charging,off,
2026-10-03 14:55:36.007000-07:00,ezkontrol_op_mode,EBS,
2026-10-03 14:55:37.022000-07:00,ezkontrol_op_mode,Drive,
2026-10-03 14:55:37.579000-07:00,bestgo_charging,on,regen
2026-10-03 14:55:38.666000-07:00,bestgo_charging,off,
2026-10-03 14:55:56.952000-07:00,ezkontrol_op_mode,EBS,
2026-10-03 14:55:57.439000-07:00,ezkontrol_op_mode,Drive,
2026-10-03 14:56:00.680000-07:00,ezkontrol_op_mode,EBS,
2026-10-03 14:56:01.249000-07:00,ezkontrol_op_mode,Drive,
2026-10-03 14:56:02.902000-07:00,ezkontrol_op_mode,EBS,
2026-10-03 14:56:03.350000-07:00,ezkontrol_op_mode,Drive,
2026-10-03 14:56:16.883000-07:00,ezkontrol_op_mode,EBS,
2026-10-03 14:56:17.326000-07:00,ezkontrol_op_mode,Drive,
2026-10-03 14:56:17.872000-07:00,ezkontrol_op_mode,EBS,
2026-10-03 14:56:19.303000-07:00,bestgo_charging,on,regen
2026-10-03 14:56:22.095000-07:00,ezkontrol_op_mode,Drive,
2026-10-03 14:56:23.690000-07:00,bestgo_charging,off,
2026-10-03 14:56:27.074000-07:00,ezkontrol_op_mode,EBS,
2026-10-03 14:56:27.567000-07:00,ezkontrol_op_mode,Drive,
2026-10-03 14:56:52.433000-07:00,ezkontrol_op_mode,EBS,
2026-10-03 14:56:53.056000-07:00,ezkontrol_op_mode,Drive,
2026-10-03 14:56:58.953000-07:00,ezkontrol_op_mode,EBS,
2026-10-03 14:57:00.025000-07:00,ezkontrol_op_mode,Drive,
2026-10-03 14:57:04.785000-07:00,ezkontrol_op_mode,EBS,
2026-10-03 14:57:05.186000-07:00,ezkontrol_op_mode,Drive,
2026-10-03 14:57:13.829000-07:00,ezkontrol_op_mode,EBS,
2026-10-03 14:57:14.972000-07:00,ezkontrol_op_mode,Drive,
2026-10-03 14:57:42.788000-07:00,ezkontrol_op_mode,EBS,
2026-10-03 14:57:43.304000-07:00,ezkontrol_op_mode,Drive,
2026-10-03 14:57:55.021000-07:00,ezkontrol_op_mode,EBS,
2026-10-03 14:57:56.530000-07:00,bestgo_charging,on,regen
2026-10-03 14:58:03.487000-07:00,bestgo_charging,off,
2026-10-03 14:58:03.629000-07:00,ezkontrol_op_mode,Drive,
2026-10-03 14:58:04.190000-07:00,ezkontrol_op_mode,EBS,
2026-10-03 14:58:05.275000-07:00,ezkontrol_op_mode,Drive,
2026-10-03 14:58:06.460000-07:00,ezkontrol_op_mode,EBS,
2026-10-03 14:58:07.543000-07:00,ezkontrol_op_mode,Drive,
2026-10-03 14:58:34.392000-07:00,ezkontrol_op_mode,EBS,
2026-10-03 14:58:35.612000-07:00,ezkontrol_op_mode,Drive,
2026-10-03 14:58:47.953000-07:00,ezkontrol_op_mode,EBS,
2026-10-03 14:58:48.930000-07:00,ezkontrol_op_mode,Drive,
2026-10-03 14:58:49.412000-07:00,ezkontrol_op_mode,EBS,
2026-10-03 14:58:50.443000-07:00,bestgo_charging,on,regen
2026-10-03 14:58:55.942000-07:00,ezkontrol_op_mode,Drive,
2026-10-03 14:58:56.407000-07:00,ezkontrol_op_mode,EBS,
2026-10-03 14:58:56.960000-07:00,bestgo_charging,off,
2026-10-03 14:58:57.111000-07:00,ezkontrol_op_mode,Drive,
2026-10-03 14:58:58.114000-07:00,ezkontrol_op_mode,EBS,
2026-10-03 14:58:59.678000-07:00,ezkontrol_op_mode,Stop,
2026-10-03 15:01:49.628000-07:00,ezkontrol_op_mode,Drive,
2026-10-03 15:02:00.660000-07:00,ezkontrol_errors,Overload,
2026-10-03 15:02:00.677000-07:00,mc_error_count,1,
2026-10-03 15:07:35.903000-07:00,ezkontrol_op_mode,Stop,
2026-10-03 15:07:40.864000-07:00,ezkontrol_op_mode,Drive,
2026-10-03 15:07:41.938000-07:00,ezkontrol_op_mode,Stop,
2026-10-03 15:07:42.530000-07:00,ezkontrol_op_mode,EBS,
2026-10-03 15:07:51.138000-07:00,ezkontrol_op_mode,Stop,
2026-10-03 15:07:55.457000-07:00,ezkontrol_op_mode,EBS,
2026-10-03 15:07:56.440000-07:00,ezkontrol_op_mode,Stop,
2026-10-03 15:07:58.673000-07:00,ezkontrol_op_mode,EBS,
2026-10-03 15:08:10.495000-07:00,ezkontrol_op_mode,Stop,
2026-10-03 15:08:12.078000-07:00,ezkontrol_op_mode,EBS,
2026-10-03 15:08:26.535000-07:00,ezkontrol_op_mode,Stop,
2026-10-03 15:08:28.721000-07:00,ezkontrol_op_mode,Drive,
2026-10-03 15:08:39.368000-07:00,ezkontrol_op_mode,EBS,
2026-10-03 15:08:40.039000-07:00,ezkontrol_op_mode,Drive,
2026-10-03 15:08:55.110000-07:00,ezkontrol_op_mode,Stop,
2026-10-03 15:09:11.352000-07:00,mc_online,0,
